Category,Value1,Value2,Value3,Value4,Value5
J,196,0.29,0.75,0.51,0.215
K,179,0.31,0.86,0.41,0.32
O,130,0.42,0.79,0.23,0.37
I,159,0.41,0.92,0.69,0.295
M,197,0.35,0.96,0.7,0.25
G,199,0.35,0.77,0.67,0.3
N,179,0.45,0.48,0.2,0.42
M,188,0.35,0.73,0.88,0.32
P,143,0.29,0.64,0.32,0.395
I,144,0.31,0.79,0.07,0.41
L,108,0.35,0.55,0.64,0.36
L,189,0.25,0.91,0.41,0.4
H,174,0.26,0.96,0.28,0.335
L,184,0.45,0.91,0.22,0.275
J,136,0.5,0.47,0.2,0.25
F,125,0.25,0.61,0.54,0.265
I,178,0.47,0.9,0.68,0.305
J,184,0.33,0.88,0.38,0.365
G,157,0.42,0.97,0.91,0.375
P,113,0.4,0.76,0.24,0.185
G,109,0.31,0.58,0.91,0.26
I,131,0.25,0.78,0.43,0.265
K,185,0.28,0.95,0.54,0.25
I,167,0.49,0.91,0.08,0.19
K,163,0.46,0.99,0.2,0.25
K,132,0.39,0.66,0.18,0.43
P,116,0.45,0.99,0.56,0.22
J,175,0.34,0.52,0.65,0.21
G,187,0.45,0.97,0.78,0.275
F,130,0.29,0.55,0.49,0.34
K,100,0.42,0.66,0.83,0.34
J,150,0.31,0.58,0.66,0.395
N,112,0.38,0.63,0.24,0.395
J,149,0.25,0.74,0.83,0.27
G,125,0.38,0.74,0.82,0.275
N,117,0.46,0.57,0.36,0.27
N,102,0.35,0.69,0.34,0.38
M,147,0.41,0.78,0.16,0.42
M,106,0.38,0.78,0.18,0.415
L,164,0.33,0.82,0.51,0.18
P,159,0.5,0.48,0.39,0.235
K,183,0.41,0.7,0.83,0.265
F,124,0.45,0.54,0.51,0.245
M,129,0.39,0.54,0.79,0.35
H,147,0.32,0.81,0.08,0.34
F,155,0.4,0.46,0.63,0.27
O,151,0.43,0.56,0.17,0.415
G,103,0.41,0.54,0.56,0.2
H,148,0.38,0.7,0.13,0.44
K,199,0.49,0.8,0.17,0.275
O,162,0.32,0.75,0.16,0.235
F,181,0.27,0.88,0.82,0.345
G,180,0.44,0.48,0.14,0.44
L,144,0.33,0.64,0.45,0.25
H,158,0.42,0.53,0.36,0.28
H,112,0.33,0.53,0.41,0.3
K,113,0.47,0.82,0.32,0.27
I,167,0.44,0.85,0.22,0.225
H,123,0.3,0.48,0.4,0.285
O,159,0.33,0.7,0.78,0.4
M,177,0.38,0.47,0.76,0.375
P,179,0.25,0.5,0.13,0.275
L,108,0.35,0.64,0.89,0.325
L,195,0.43,0.57,0.93,0.25
O,100,0.25,0.6,0.69,0.3
N,166,0.34,0.95,0.05,0.205
J,158,0.5,0.86,0.43,0.235
L,146,0.5,0.62,0.73,0.265
J,160,0.34,0.48,0.55,0.225
P,191,0.43,0.54,0.38,0.245
N,114,0.42,0.95,0.27,0.275
K,172,0.26,0.97,0.65,0.385
O,194,0.3,0.72,0.77,0.31
H,131,0.41,0.67,0.55,0.225
G,157,0.29,0.57,0.78,0.235
G,192,0.28,0.8,0.35,0.33
L,195,0.35,0.61,0.13,0.41
N,147,0.45,0.6,0.78,0.215
M,177,0.42,0.82,0.37,0.33
L,119,0.38,0.74,0.58,0.285
O,192,0.38,0.57,0.71,0.285
G,149,0.28,0.72,0.57,0.41
L,190,0.3,0.49,0.06,0.245
P,151,0.4,0.5,0.82,0.415
J,180,0.25,0.86,0.56,0.375
F,129,0.3,0.86,0.71,0.415
M,179,0.43,0.49,0.42,0.44
O,148,0.48,0.91,0.67,0.2
F,154,0.29,0.57,0.88,0.275
L,161,0.33,0.66,0.62,0.245
N,104,0.33,0.48,0.2,0.355
H,144,0.42,0.97,0.72,0.43
P,170,0.45,0.65,0.05,0.165
K,102,0.25,0.66,0.52,0.43
N,163,0.3,0.8,0.81,0.365
P,181,0.38,0.7,0.7,0.18
H,158,0.4,0.99,0.61,0.3
O,138,0.36,0.73,0.47,0.255
H,145,0.37,0.8,0.64,0.27
L,123,0.28,0.53,0.47,0.41
G,122,0.47,0.7,0.77,0.335
J,125,0.38,0.75,0.56,0.245
M,196,0.35,0.56,0.54,0.31
M,151,0.3,0.57,0.63,0.38
O,177,0.44,0.48,0.6,0.27
P,169,0.31,0.48,0.3,0.39
N,189,0.39,0.88,0.53,0.275
K,190,0.37,0.76,0.76,0.265
H,122,0.38,0.46,0.35,0.375
I,154,0.31,0.58,0.58,0.31
I,110,0.32,0.51,0.6,0.42
F,179,0.37,0.6,0.94,0.395
G,176,0.27,0.67,0.79,0.375
N,140,0.33,0.73,0.51,0.28
J,163,0.32,0.72,0.91,0.28
N,169,0.41,0.68,0.11,0.195
I,151,0.26,0.61,0.76,0.42
O,100,0.35,0.55,0.72,0.335
N,199,0.48,0.83,0.79,0.385
J,105,0.49,0.63,0.23,0.29
M,151,0.39,0.63,0.08,0.175
P,185,0.42,0.64,0.28,0.345
G,175,0.47,0.84,0.52,0.22
H,199,0.42,0.57,0.88,0.44
L,143,0.41,0.65,0.94,0.315
I,176,0.34,0.59,0.92,0.395
M,191,0.37,0.69,0.57,0.355
J,156,0.45,0.83,0.85,0.285
J,199,0.25,0.57,0.95,0.22
K,141,0.3,0.64,0.19,0.41
F,153,0.4,0.82,0.09,0.17
M,103,0.37,0.87,0.26,0.265
F,147,0.44,0.9,0.17,0.39
N,109,0.48,0.66,0.27,0.275
O,116,0.39,0.5,0.32,0.315
N,183,0.42,0.81,0.31,0.275
J,132,0.4,0.56,0.27,0.395
P,199,0.41,0.79,0.39,0.285
P,192,0.47,0.46,0.44,0.215
G,131,0.47,0.87,0.67,0.27
I,185,0.39,0.46,0.4,0.315
P,161,0.36,0.8,0.13,0.255
M,107,0.3,0.88,0.24,0.18
M,129,0.37,0.6,0.06,0.175
O,149,0.28,0.88,0.77,0.405
N,122,0.36,0.79,0.35,0.43
H,157,0.38,0.84,0.26,0.375
M,194,0.26,0.78,0.68,0.335
P,200,0.33,0.7,0.69,0.43
I,189,0.47,0.48,0.69,0.29
I,161,0.37,0.64,0.3,0.34
J,168,0.5,0.98,0.72,0.3
G,100,0.42,0.88,0.42,0.34
P,107,0.31,0.56,0.87,0.33
F,164,0.45,0.45,0.36,0.395
O,154,0.28,0.88,0.17,0.385
O,109,0.46,0.85,0.4,0.295
K,117,0.46,0.75,0.33,0.355
K,116,0.26,0.99,0.67,0.435
F,142,0.42,0.88,0.39,0.345
M,133,0.29,0.92,0.67,0.255
N,151,0.41,0.95,0.16,0.295
H,137,0.34,0.92,0.74,0.33
I,124,0.41,0.81,0.52,0.32
G,174,0.4,0.94,0.49,0.195
M,185,0.47,0.75,0.28,0.295
I,118,0.31,0.65,0.76,0.37
L,100,0.28,0.98,0.19,0.295
M,127,0.4,0.77,0.38,0.2
L,103,0.35,0.91,0.46,0.21
M,191,0.35,0.82,0.14,0.4
O,135,0.3,0.88,0.84,0.285
M,123,0.35,0.67,0.36,0.36
N,122,0.36,0.76,0.05,0.355
L,188,0.36,0.98,0.81,0.31
G,166,0.36,0.92,0.17,0.355
H,161,0.38,0.97,0.91,0.28
M,122,0.32,0.75,0.1,0.3
I,180,0.46,0.48,0.88,0.195
G,112,0.31,0.91,0.82,0.41
M,133,0.31,0.84,0.37,0.18
H,179,0.29,0.49,0.94,0.325
K,167,0.31,0.53,0.43,0.39
M,142,0.37,0.72,0.57,0.26
G,157,0.44,0.74,0.9,0.345
K,142,0.47,0.61,0.95,0.275
P,139,0.42,0.66,0.32,0.335
P,110,0.37,0.77,0.26,0.345
K,105,0.41,0.82,0.29,0.34
G,187,0.42,0.87,0.79,0.19
P,110,0.36,0.62,0.34,0.165
K,142,0.49,0.45,0.05,0.18
J,185,0.32,0.62,0.39,0.3
G,104,0.42,0.89,0.84,0.165
N,199,0.46,0.81,0.56,0.39
I,195,0.43,0.76,0.68,0.25
N,187,0.26,0.87,0.24,0.41
J,123,0.29,0.55,0.86,0.37
L,144,0.33,0.9,0.72,0.405
N,188,0.26,0.72,0.65,0.185
L,191,0.4,0.7,0.13,0.255
K,188,0.37,0.52,0.77,0.285
K,182,0.48,0.85,0.64,0.315
F,128,0.29,0.81,0.85,0.2
O,115,0.43,0.73,0.16,0.4
H,119,0.25,0.52,0.24,0.24
L,192,0.42,0.63,0.76,0.22
L,146,0.37,0.62,0.71,0.205
H,129,0.36,0.86,0.16,0.43
F,185,0.36,0.72,0.4,0.335
G,169,0.37,0.84,0.49,0.23
P,175,0.28,0.88,0.16,0.435
M,133,0.42,0.84,0.65,0.34
K,144,0.44,0.74,0.44,0.2
J,129,0.5,0.97,0.64,0.2
F,144,0.39,0.83,0.66,0.435
F,176,0.28,0.74,0.09,0.26
P,118,0.39,0.72,0.55,0.395
P,130,0.29,0.47,0.18,0.3
K,177,0.3,0.81,0.08,0.34
K,191,0.27,0.48,0.72,0.305
O,123,0.34,0.66,0.85,0.375
J,195,0.4,0.99,0.1,0.265
F,165,0.25,0.82,0.61,0.295
L,124,0.27,0.57,0.4,0.275
F,169,0.4,0.7,0.28,0.33
H,152,0.31,0.47,0.9,0.215
O,176,0.47,0.95,0.39,0.18
L,181,0.33,0.51,0.54,0.22
M,123,0.25,0.98,0.05,0.195
H,197,0.37,0.87,0.72,0.265
H,124,0.38,0.48,0.23,0.35
O,111,0.37,0.92,0.56,0.365
J,171,0.5,0.75,0.95,0.255
K,192,0.3,0.62,0.51,0.3
L,136,0.25,0.49,0.68,0.23
F,143,0.37,0.82,0.45,0.26
K,172,0.26,0.99,0.24,0.22
F,115,0.43,0.73,0.76,0.235
N,168,0.33,0.61,0.75,0.4
G,185,0.38,0.84,0.81,0.375
J,108,0.47,0.72,0.45,0.375
M,137,0.27,0.85,0.2,0.39
K,197,0.31,0.86,0.58,0.2
P,168,0.48,0.82,0.07,0.345
H,192,0.46,0.5,0.66,0.39
L,181,0.34,0.59,0.64,0.275
M,103,0.34,0.9,0.4,0.355
O,151,0.32,0.83,0.36,0.395
J,196,0.46,0.9,0.28,0.365
L,147,0.31,0.59,0.51,0.19
M,199,0.32,0.93,0.78,0.23
F,169,0.34,0.73,0.9,0.27
I,109,0.32,0.49,0.75,0.21
N,195,0.35,0.65,0.14,0.26
N,178,0.47,0.73,0.31,0.275
L,113,0.38,0.88,0.86,0.2
I,198,0.26,0.47,0.08,0.195
J,125,0.42,0.92,0.47,0.245
L,193,0.36,0.51,0.09,0.265
I,138,0.27,0.56,0.17,0.22
O,170,0.43,0.98,0.69,0.42
F,102,0.46,0.9,0.28,0.165
H,185,0.43,0.9,0.73,0.37
N,131,0.35,0.6,0.94,0.245
O,181,0.35,0.57,0.33,0.355
G,163,0.37,0.48,0.37,0.43
L,143,0.32,0.97,0.72,0.2
M,137,0.3,0.67,0.22,0.395
H,149,0.42,0.76,0.09,0.225
F,135,0.46,0.95,0.29,0.305
K,167,0.47,0.71,0.12,0.17
N,164,0.38,0.53,0.12,0.255
M,178,0.27,0.8,0.76,0.355
K,199,0.25,0.99,0.22,0.245
J,186,0.47,0.63,0.52,0.335
M,126,0.38,0.69,0.87,0.3
M,151,0.27,0.85,0.23,0.275
G,130,0.5,0.86,0.51,0.415
L,115,0.33,0.97,0.46,0.17
F,167,0.25,0.7,0.32,0.22
K,140,0.32,0.48,0.25,0.41
N,118,0.45,0.6,0.71,0.255
J,135,0.29,0.92,0.46,0.21
M,151,0.43,0.89,0.83,0.32
I,100,0.25,0.91,0.28,0.245
J,128,0.4,0.83,0.13,0.255
F,107,0.43,0.98,0.48,0.355
G,134,0.26,0.69,0.14,0.39
N,133,0.34,0.48,0.47,0.41
O,102,0.48,0.46,0.58,0.3
G,178,0.26,0.72,0.86,0.355
P,134,0.39,0.8,0.84,0.245
K,104,0.31,0.73,0.41,0.44
G,162,0.39,0.97,0.05,0.22
M,181,0.41,0.97,0.92,0.385
N,140,0.48,0.91,0.61,0.23
O,103,0.34,0.77,0.91,0.185
P,180,0.25,0.95,0.7,0.25
L,165,0.26,0.62,0.17,0.35
H,171,0.5,0.94,0.67,0.205
L,177,0.44,0.76,0.84,0.195
K,116,0.35,0.54,0.27,0.19
I,194,0.29,0.88,0.44,0.44
N,199,0.25,0.86,0.46,0.205
G,147,0.42,0.9,0.95,0.185
K,164,0.39,0.96,0.08,0.3
O,178,0.37,0.63,0.12,0.25
M,137,0.25,0.76,0.45,0.415
I,170,0.32,0.72,0.28,0.32
F,169,0.38,0.79,0.49,0.375
J,181,0.33,0.77,0.28,0.285
K,165,0.34,0.58,0.24,0.315
P,158,0.26,0.65,0.88,0.175
P,131,0.39,0.92,0.15,0.295
N,175,0.3,0.76,0.75,0.395
I,133,0.37,0.58,0.42,0.325
I,191,0.46,0.55,0.32,0.185
O,175,0.43,0.69,0.36,0.425
P,163,0.34,0.79,0.64,0.355
K,153,0.31,0.68,0.57,0.42
M,149,0.44,0.93,0.74,0.25
K,136,0.39,0.96,0.12,0.26
H,185,0.48,0.47,0.34,0.325
H,156,0.41,0.54,0.49,0.435
O,169,0.48,0.72,0.87,0.225
H,163,0.36,0.87,0.21,0.325
I,165,0.42,0.92,0.73,0.165
J,140,0.45,0.63,0.53,0.39
G,186,0.32,0.94,0.15,0.37
P,111,0.27,0.73,0.7,0.18
M,184,0.32,0.64,0.25,0.415
L,182,0.44,0.68,0.82,0.37
H,115,0.34,0.88,0.85,0.235
J,178,0.34,0.45,0.49,0.215
N,116,0.26,0.75,0.21,0.23
K,108,0.32,0.77,0.72,0.175
K,108,0.37,0.93,0.06,0.41
I,183,0.25,0.83,0.51,0.36
J,176,0.25,0.45,0.91,0.225
J,100,0.44,0.7,0.41,0.325
G,197,0.46,0.49,0.33,0.265
F,124,0.45,0.54,0.15,0.22
L,161,0.45,0.93,0.51,0.345
M,192,0.3,0.51,0.8,0.33
K,198,0.35,0.76,0.64,0.3
M,139,0.47,0.46,0.36,0.34
G,165,0.28,0.7,0.81,0.395
K,191,0.4,0.75,0.27,0.265
F,180,0.26,0.95,0.34,0.375
M,191,0.29,0.52,0.68,0.42
P,191,0.26,0.78,0.89,0.34
J,139,0.45,0.45,0.69,0.23
I,100,0.49,0.94,0.26,0.34
M,186,0.49,0.8,0.66,0.275
I,173,0.27,0.57,0.61,0.3
O,100,0.49,0.64,0.68,0.305
I,129,0.34,0.53,0.54,0.24
H,153,0.34,0.94,0.65,0.37
L,164,0.39,0.54,0.86,0.36
I,102,0.5,0.66,0.05,0.19
H,166,0.27,0.62,0.09,0.38
O,140,0.25,0.89,0.82,0.175
I,197,0.42,0.56,0.91,0.24
O,114,0.28,0.55,0.35,0.33
L,118,0.49,0.94,0.34,0.425
L,127,0.27,0.79,0.38,0.21
F,112,0.37,0.46,0.09,0.285
H,147,0.26,0.74,0.46,0.44
I,147,0.46,0.75,0.51,0.35
N,114,0.35,0.49,0.72,0.245
I,177,0.38,0.57,0.71,0.285
I,156,0.43,0.85,0.58,0.425
G,198,0.25,0.52,0.84,0.265
F,147,0.44,0.48,0.52,0.21
P,108,0.41,0.74,0.47,0.175
P,196,0.38,0.8,0.24,0.385
H,123,0.5,0.52,0.4,0.43
L,142,0.43,0.71,0.09,0.44
I,163,0.26,0.58,0.37,0.29
N,167,0.41,0.6,0.5,0.325
O,164,0.44,0.7,0.61,0.385
M,111,0.4,0.66,0.73,0.23
H,190,0.4,0.49,0.09,0.44
P,110,0.28,0.89,0.93,0.36
N,128,0.32,0.58,0.33,0.43
I,169,0.42,0.75,0.21,0.28
O,142,0.39,0.97,0.08,0.265
H,161,0.37,0.89,0.11,0.37
K,139,0.25,0.75,0.43,0.26
I,170,0.37,0.7,0.51,0.35
K,170,0.46,0.57,0.33,0.27
M,173,0.33,0.81,0.2,0.405
F,123,0.26,0.81,0.39,0.33
G,200,0.27,0.51,0.64,0.215
P,177,0.33,0.52,0.77,0.43
M,135,0.43,0.65,0.44,0.22
F,176,0.48,0.46,0.33,0.34
N,102,0.39,0.55,0.59,0.32
L,179,0.35,0.75,0.61,0.21
O,138,0.26,0.93,0.07,0.265
N,159,0.34,0.51,0.9,0.295
L,167,0.33,0.56,0.52,0.395
J,175,0.39,0.93,0.12,0.265
L,170,0.5,0.51,0.58,0.245
N,108,0.32,0.86,0.54,0.22
F,101,0.48,0.52,0.55,0.4
P,107,0.34,0.75,0.25,0.175
P,112,0.47,0.62,0.44,0.405
J,192,0.26,0.46,0.07,0.415
H,185,0.35,0.51,0.62,0.32
G,121,0.41,0.62,0.25,0.31
I,128,0.37,0.77,0.53,0.395
P,130,0.42,0.6,0.43,0.21
G,116,0.32,0.64,0.89,0.38
J,105,0.34,0.79,0.7,0.2
G,125,0.31,0.79,0.58,0.295
I,195,0.5,0.57,0.28,0.29
P,117,0.38,0.84,0.82,0.34
F,118,0.37,0.91,0.83,0.185
F,100,0.48,0.62,0.59,0.4
O,165,0.36,0.53,0.74,0.43
N,112,0.43,0.88,0.54,0.2
H,151,0.26,0.52,0.13,0.19
O,113,0.45,0.61,0.92,0.345
I,132,0.48,0.85,0.29,0.305
P,195,0.27,0.78,0.67,0.27
P,129,0.29,0.73,0.68,0.335
H,125,0.38,0.89,0.65,0.42
O,145,0.34,0.64,0.94,0.295
L,171,0.3,0.57,0.75,0.27
O,167,0.48,0.62,0.86,0.275
J,109,0.38,0.62,0.31,0.25
K,143,0.36,0.52,0.85,0.185
F,151,0.49,0.76,0.64,0.18
L,135,0.32,0.61,0.72,0.275
L,138,0.27,0.56,0.82,0.17
N,115,0.37,0.66,0.77,0.17
K,200,0.33,0.52,0.12,0.43
G,155,0.49,0.91,0.56,0.325
N,124,0.28,0.47,0.29,0.2
M,199,0.41,0.77,0.43,0.405
F,172,0.33,0.59,0.19,0.165
L,139,0.3,0.53,0.39,0.295
I,121,0.39,0.58,0.51,0.44
L,106,0.3,0.98,0.81,0.375
L,192,0.46,0.5,0.23,0.4
N,106,0.25,0.88,0.13,0.215
O,139,0.5,0.64,0.56,0.335
F,113,0.31,0.49,0.07,0.415
M,125,0.26,0.59,0.85,0.205
N,199,0.47,0.9,0.71,0.38
F,110,0.48,0.8,0.46,0.31
J,194,0.38,0.48,0.36,0.305
J,180,0.46,0.98,0.94,0.295
J,139,0.32,0.6,0.46,0.37
M,147,0.29,0.65,0.71,0.33
G,172,0.45,0.87,0.15,0.275
P,100,0.42,0.79,0.12,0.22
P,105,0.46,0.84,0.18,0.24
M,111,0.29,0.49,0.31,0.345
O,138,0.32,0.69,0.23,0.265
J,197,0.33,0.79,0.05,0.325
M,155,0.34,0.72,0.64,0.39
F,168,0.39,0.81,0.2,0.195
I,154,0.33,0.8,0.69,0.35
J,104,0.35,0.5,0.33,0.255
H,157,0.29,0.6,0.31,0.255
L,133,0.48,0.47,0.52,0.285
K,171,0.38,0.5,0.29,0.315
I,152,0.49,0.49,0.1,0.23
P,111,0.38,0.82,0.38,0.36
L,151,0.45,0.74,0.26,0.255
N,196,0.41,0.84,0.07,0.225
F,181,0.48,0.83,0.74,0.44
I,125,0.32,0.58,0.79,0.345
P,137,0.36,0.46,0.53,0.305
G,134,0.34,0.7,0.6,0.385
G,174,0.29,0.92,0.3,0.36
M,105,0.4,0.55,0.32,0.41
O,194,0.33,0.6,0.56,0.34
O,156,0.34,0.59,0.76,0.405
G,103,0.46,0.82,0.34,0.19
L,140,0.5,0.98,0.35,0.385
F,157,0.33,0.82,0.65,0.22
G,135,0.26,0.74,0.92,0.295
N,115,0.27,0.59,0.4,0.33
O,128,0.42,0.61,0.06,0.365
O,187,0.29,0.85,0.07,0.355
N,184,0.41,0.88,0.49,0.195
I,179,0.28,0.59,0.57,0.31
F,142,0.34,0.77,0.76,0.31
G,145,0.27,0.65,0.31,0.305
O,187,0.26,0.99,0.58,0.175
H,151,0.43,0.88,0.62,0.325
L,200,0.25,0.63,0.56,0.195
H,156,0.43,0.87,0.29,0.355
O,154,0.47,0.9,0.65,0.235
P,153,0.36,0.77,0.08,0.305
O,179,0.25,0.78,0.71,0.345
G,169,0.38,0.71,0.62,0.275
M,180,0.39,0.68,0.19,0.165
N,198,0.35,0.66,0.35,0.33
P,172,0.44,0.72,0.47,0.345
J,179,0.33,0.5,0.18,0.17
K,163,0.4,0.47,0.91,0.185
J,103,0.28,0.83,0.63,0.205
O,198,0.47,0.77,0.73,0.325
K,151,0.43,0.82,0.47,0.175
J,191,0.29,0.71,0.51,0.2
P,175,0.42,0.47,0.78,0.215
O,194,0.5,0.83,0.78,0.26
M,139,0.48,0.61,0.2,0.4
G,147,0.3,0.84,0.8,0.285
F,163,0.36,0.71,0.82,0.375
O,100,0.28,0.76,0.36,0.365
K,175,0.3,0.78,0.52,0.435
J,126,0.44,0.92,0.52,0.405
I,109,0.49,0.53,0.18,0.34
L,197,0.44,0.55,0.52,0.21
G,199,0.5,0.65,0.79,0.26
L,143,0.45,0.85,0.76,0.325
J,183,0.5,0.88,0.91,0.335
I,105,0.28,0.51,0.86,0.44
M,130,0.28,0.79,0.85,0.295
I,198,0.34,0.72,0.53,0.28
O,173,0.46,0.57,0.42,0.43
L,167,0.42,0.61,0.64,0.18
G,114,0.29,0.91,0.39,0.365
I,117,0.39,0.91,0.73,0.245
H,178,0.27,0.54,0.29,0.21
I,140,0.32,0.64,0.61,0.415
F,156,0.48,0.49,0.22,0.35
F,139,0.25,0.57,0.68,0.38
K,155,0.43,0.67,0.42,0.325
N,145,0.44,0.59,0.44,0.41
J,123,0.32,0.88,0.1,0.395
L,180,0.32,0.47,0.69,0.195
H,132,0.48,0.83,0.95,0.375
I,161,0.5,0.51,0.87,0.41
N,159,0.32,0.55,0.88,0.165
K,112,0.31,0.54,0.14,0.375
H,102,0.28,0.65,0.35,0.18
O,194,0.47,0.76,0.79,0.285
I,100,0.43,0.99,0.46,0.215
L,127,0.45,0.46,0.42,0.435
O,137,0.27,0.6,0.26,0.41
N,117,0.32,0.74,0.09,0.26
K,190,0.27,0.64,0.41,0.275
N,151,0.36,0.9,0.87,0.34
F,123,0.38,0.8,0.57,0.42
F,108,0.45,0.82,0.46,0.28
N,144,0.38,0.9,0.65,0.285
J,169,0.46,0.91,0.72,0.19
P,101,0.32,0.98,0.12,0.33
K,197,0.4,0.95,0.13,0.255
K,133,0.31,0.7,0.72,0.415
I,147,0.5,0.86,0.49,0.345
H,164,0.46,0.51,0.25,0.305
M,197,0.4,0.7,0.33,0.22
L,140,0.39,0.77,0.88,0.285
J,182,0.43,0.78,0.54,0.315
L,131,0.27,0.87,0.2,0.415
P,100,0.36,0.56,0.08,0.35
L,135,0.32,0.79,0.6,0.415
M,145,0.36,0.87,0.26,0.265
M,115,0.36,0.49,0.11,0.295
M,199,0.45,0.76,0.1,0.33
L,191,0.27,0.87,0.11,0.35
O,185,0.43,0.97,0.88,0.225
F,125,0.49,0.72,0.79,0.21
L,170,0.49,0.67,0.7,0.215
P,145,0.45,0.81,0.46,0.275
P,105,0.5,0.45,0.8,0.255
I,119,0.41,0.91,0.06,0.245
F,111,0.47,0.61,0.15,0.26
O,105,0.32,0.9,0.06,0.21
G,197,0.45,0.83,0.64,0.34
G,126,0.29,0.45,0.61,0.43
M,137,0.27,0.98,0.16,0.17
P,130,0.47,0.45,0.93,0.245
J,136,0.41,0.9,0.63,0.255
P,107,0.26,0.59,0.52,0.17
P,135,0.45,0.71,0.27,0.3
K,141,0.45,0.88,0.25,0.345
I,115,0.36,0.69,0.49,0.27
I,113,0.49,0.45,0.5,0.33
F,178,0.46,0.82,0.42,0.385
O,121,0.35,0.91,0.76,0.165
G,132,0.29,0.84,0.29,0.17
I,181,0.38,0.52,0.94,0.26
K,138,0.26,0.72,0.3,0.32
I,120,0.46,0.93,0.47,0.31
G,103,0.28,0.6,0.57,0.38
H,122,0.5,0.53,0.5,0.38
J,173,0.41,0.63,0.11,0.365
F,114,0.28,0.65,0.44,0.43
M,170,0.26,0.47,0.31,0.19
O,179,0.45,0.9,0.42,0.215
L,152,0.25,0.58,0.69,0.175
I,185,0.41,0.46,0.25,0.34
F,117,0.39,0.95,0.75,0.23
G,194,0.28,0.73,0.16,0.42
J,158,0.29,0.98,0.81,0.385
M,168,0.46,0.6,0.77,0.265
P,148,0.48,0.54,0.21,0.38
G,147,0.28,0.86,0.51,0.27
I,169,0.3,0.84,0.48,0.3
P,123,0.36,0.5,0.66,0.19
O,136,0.26,0.69,0.55,0.205
P,186,0.38,0.58,0.15,0.215
J,157,0.47,0.73,0.81,0.23
L,113,0.5,0.96,0.32,0.24
F,161,0.44,0.93,0.74,0.42
I,160,0.42,0.89,0.1,0.345
K,147,0.34,0.59,0.39,0.4
O,166,0.41,0.75,0.22,0.27
L,189,0.46,0.68,0.76,0.24
K,171,0.38,0.99,0.36,0.395
M,133,0.25,0.55,0.05,0.325
H,108,0.25,0.83,0.34,0.42
K,188,0.48,0.75,0.7,0.425
L,149,0.5,0.53,0.48,0.29
M,173,0.26,0.62,0.94,0.21
I,111,0.5,0.5,0.59,0.38
G,147,0.32,0.92,0.88,0.395
G,118,0.29,0.7,0.45,0.31
N,166,0.49,0.69,0.86,0.295
H,111,0.5,0.94,0.68,0.325
H,150,0.45,0.79,0.22,0.355
J,175,0.31,0.96,0.21,0.165
M,165,0.5,0.78,0.16,0.405
N,131,0.38,0.81,0.5,0.295
K,118,0.5,0.65,0.31,0.22
K,143,0.33,0.97,0.94,0.19
H,196,0.37,0.62,0.23,0.265
I,186,0.37,0.65,0.16,0.265
K,113,0.37,0.92,0.86,0.19
L,162,0.25,0.98,0.77,0.435
H,158,0.28,0.83,0.89,0.38
K,158,0.37,0.47,0.91,0.385
M,165,0.42,0.67,0.59,0.245
N,171,0.36,0.87,0.18,0.405
P,171,0.36,0.81,0.05,0.33
J,140,0.37,0.52,0.57,0.225
G,155,0.41,0.88,0.68,0.375
H,117,0.29,0.69,0.05,0.39
J,158,0.41,0.96,0.86,0.175
I,121,0.31,0.87,0.3,0.24
P,116,0.33,0.51,0.88,0.335
I,118,0.27,0.49,0.52,0.29
F,160,0.39,0.55,0.23,0.335
J,169,0.28,0.46,0.48,0.315
M,148,0.28,0.76,0.49,0.38
J,117,0.37,0.77,0.95,0.175
O,107,0.31,0.8,0.65,0.185
P,106,0.29,0.7,0.68,0.345
P,194,0.25,0.98,0.19,0.405
J,160,0.41,0.49,0.82,0.425
G,133,0.28,0.47,0.7,0.345
H,176,0.35,0.61,0.49,0.345
H,114,0.39,0.91,0.57,0.185
G,152,0.42,0.68,0.95,0.205
P,159,0.35,0.48,0.64,0.215
K,162,0.32,0.63,0.72,0.415
G,129,0.41,0.67,0.21,0.26
H,128,0.39,0.74,0.48,0.38
M,137,0.4,0.48,0.29,0.42
K,106,0.36,0.88,0.62,0.21
H,103,0.39,0.49,0.27,0.4
O,188,0.29,0.82,0.73,0.27
P,140,0.44,0.97,0.87,0.435
L,126,0.38,0.55,0.17,0.19
G,146,0.31,0.68,0.27,0.245
H,149,0.31,0.9,0.24,0.33
N,156,0.33,0.89,0.19,0.415
H,147,0.48,0.7,0.51,0.305
L,156,0.49,0.63,0.35,0.41
H,175,0.39,0.79,0.85,0.315
N,130,0.4,0.74,0.22,0.32
G,112,0.33,0.86,0.52,0.39
M,131,0.43,0.89,0.74,0.435
J,200,0.46,0.84,0.25,0.18
J,124,0.47,0.52,0.53,0.4
J,117,0.46,0.82,0.55,0.21
J,199,0.27,0.61,0.77,0.36
P,127,0.25,0.91,0.26,0.2
P,128,0.25,0.58,0.93,0.375
J,104,0.35,0.99,0.77,0.365
K,152,0.31,0.63,0.29,0.42
O,168,0.49,0.94,0.59,0.325
O,156,0.37,0.84,0.1,0.44
P,117,0.47,0.45,0.86,0.33
J,118,0.47,0.49,0.37,0.165
K,162,0.41,0.96,0.47,0.265
I,156,0.29,0.92,0.39,0.36
J,110,0.35,0.88,0.1,0.38
O,186,0.41,0.98,0.78,0.43
F,127,0.39,0.63,0.77,0.33
K,191,0.46,0.46,0.52,0.265
L,162,0.35,0.82,0.26,0.215
N,185,0.36,0.66,0.12,0.375
J,107,0.4,0.66,0.4,0.435
H,102,0.37,0.62,0.74,0.26
I,179,0.32,0.72,0.75,0.395
J,132,0.31,0.88,0.08,0.32
H,161,0.49,0.85,0.19,0.335
O,185,0.45,0.67,0.49,0.19
L,116,0.39,0.95,0.89,0.335
N,111,0.42,0.48,0.26,0.415
M,118,0.39,0.48,0.3,0.38
F,136,0.5,0.84,0.87,0.26
N,107,0.27,0.55,0.62,0.355
K,170,0.39,0.52,0.28,0.185
P,177,0.25,0.87,0.87,0.385
K,199,0.37,0.66,0.87,0.295
J,112,0.38,0.47,0.79,0.41
P,105,0.34,0.54,0.24,0.22
K,173,0.31,0.71,0.9,0.29
G,134,0.49,0.93,0.4,0.175
H,101,0.38,0.74,0.2,0.4
H,102,0.37,0.89,0.07,0.415
J,129,0.25,0.75,0.95,0.355
L,184,0.27,0.52,0.62,0.335
I,200,0.34,0.69,0.44,0.395
L,115,0.3,0.45,0.37,0.38
L,156,0.45,0.52,0.53,0.22
J,124,0.26,0.49,0.46,0.285
N,134,0.46,0.52,0.36,0.35
H,129,0.42,0.56,0.16,0.4
H,141,0.37,0.98,0.69,0.21
L,176,0.37,0.9,0.66,0.32
G,107,0.35,0.46,0.94,0.17
N,160,0.29,0.98,0.92,0.235
P,200,0.48,0.57,0.24,0.41
I,115,0.36,0.72,0.68,0.245
I,195,0.39,0.61,0.19,0.315
P,145,0.33,0.75,0.79,0.245
K,142,0.45,0.66,0.95,0.245
M,166,0.4,0.97,0.22,0.385
P,192,0.46,0.72,0.89,0.43
F,115,0.32,0.97,0.28,0.405
O,131,0.37,0.85,0.36,0.42
H,110,0.4,0.96,0.37,0.19
K,164,0.31,0.53,0.8,0.27
H,165,0.45,0.99,0.54,0.24
M,111,0.29,0.8,0.63,0.41
M,194,0.49,0.82,0.51,0.41
O,185,0.29,0.85,0.37,0.375
I,177,0.31,0.95,0.66,0.38
K,166,0.46,0.48,0.15,0.265
F,166,0.36,0.94,0.85,0.42
O,161,0.33,0.75,0.12,0.26
P,117,0.45,0.79,0.91,0.37
K,134,0.4,0.53,0.65,0.225
L,139,0.37,0.69,0.95,0.41
G,115,0.37,0.57,0.32,0.32
H,154,0.38,0.62,0.23,0.385
K,118,0.41,0.85,0.2,0.375
M,122,0.32,0.76,0.79,0.25
P,168,0.35,0.57,0.68,0.34
H,185,0.41,0.91,0.7,0.265
I,179,0.25,0.94,0.62,0.39
I,129,0.35,0.84,0.08,0.38
K,133,0.27,0.88,0.94,0.205
P,189,0.47,0.52,0.61,0.35
K,161,0.49,0.48,0.82,0.345
F,169,0.4,0.69,0.24,0.235
P,103,0.3,0.7,0.54,0.42
K,184,0.39,0.48,0.14,0.315
G,170,0.47,0.93,0.44,0.29
N,143,0.36,0.55,0.5,0.22
H,152,0.33,0.64,0.45,0.43
N,142,0.5,0.59,0.87,0.425
G,184,0.28,0.98,0.85,0.21
K,192,0.48,0.76,0.82,0.325
M,193,0.34,0.68,0.15,0.43
O,130,0.45,0.89,0.18,0.295
I,176,0.4,0.51,0.14,0.385
J,178,0.35,0.9,0.15,0.205
O,145,0.47,0.86,0.4,0.44
L,132,0.4,0.97,0.07,0.22
K,144,0.43,0.81,0.56,0.38
P,134,0.27,0.57,0.31,0.295
L,177,0.45,0.91,0.15,0.3
L,130,0.34,0.46,0.64,0.185
O,145,0.35,0.56,0.4,0.34
N,135,0.32,0.62,0.58,0.335
N,112,0.38,0.64,0.34,0.195
G,155,0.25,0.67,0.88,0.395
K,117,0.43,0.73,0.41,0.36
P,152,0.31,0.61,0.49,0.355
L,181,0.3,0.75,0.08,0.435
K,101,0.29,0.67,0.53,0.32
P,128,0.38,0.5,0.3,0.335
L,132,0.3,0.63,0.53,0.195
P,112,0.35,0.81,0.49,0.17
M,116,0.4,0.6,0.34,0.38
I,196,0.34,0.69,0.2,0.245
H,156,0.25,0.55,0.93,0.175
P,166,0.37,0.45,0.05,0.29
O,157,0.41,0.91,0.22,0.38
P,123,0.44,0.79,0.17,0.24
L,122,0.33,0.87,0.38,0.335
N,175,0.26,0.88,0.54,0.305
N,192,0.46,0.92,0.83,0.21
N,179,0.3,0.7,0.18,0.31
I,114,0.44,0.54,0.24,0.3
P,141,0.43,0.95,0.3,0.315
I,125,0.36,0.91,0.73,0.245
J,139,0.36,0.99,0.8,0.435
P,167,0.25,0.85,0.68,0.36
P,164,0.45,0.45,0.87,0.26
M,135,0.49,0.75,0.8,0.18
N,152,0.32,0.5,0.2,0.295
G,153,0.36,0.59,0.22,0.17
L,115,0.34,0.64,0.31,0.215
K,150,0.41,0.76,0.43,0.185
O,149,0.27,0.92,0.63,0.285
F,130,0.31,0.91,0.61,0.305
L,147,0.34,0.57,0.81,0.235
I,129,0.41,0.56,0.82,0.31
O,175,0.29,0.76,0.7,0.275
H,140,0.5,0.86,0.71,0.195
M,191,0.47,0.93,0.45,0.385
K,181,0.4,0.93,0.34,0.28
P,130,0.38,0.68,0.09,0.34
J,164,0.3,0.9,0.38,0.275
F,194,0.45,0.54,0.93,0.24
L,129,0.47,0.95,0.19,0.295
O,162,0.48,0.68,0.51,0.405
F,149,0.32,0.53,0.81,0.355
F,149,0.41,0.52,0.84,0.27
K,134,0.34,0.84,0.95,0.185
O,111,0.5,0.6,0.94,0.35
O,171,0.38,0.81,0.29,0.335
H,117,0.42,0.61,0.13,0.21
G,119,0.46,0.86,0.77,0.18
G,147,0.47,0.75,0.67,0.26
J,143,0.49,0.85,0.8,0.235
F,182,0.36,0.67,0.38,0.37
M,110,0.36,0.67,0.05,0.39
M,170,0.48,0.5,0.52,0.355
K,100,0.3,0.93,0.72,0.325
I,113,0.38,0.79,0.94,0.37
O,175,0.31,0.5,0.8,0.3
P,181,0.32,0.64,0.59,0.19
O,189,0.36,0.49,0.4,0.265
L,105,0.36,0.79,0.26,0.205
H,135,0.37,0.48,0.4,0.275
G,107,0.27,0.56,0.77,0.195
I,151,0.47,0.82,0.73,0.385
K,155,0.44,0.48,0.76,0.315
K,190,0.49,0.98,0.71,0.265
M,162,0.29,0.78,0.11,0.345
F,131,0.49,0.94,0.39,0.405
F,183,0.35,0.58,0.67,0.3
G,144,0.48,0.74,0.38,0.31
N,183,0.41,0.57,0.35,0.365
P,153,0.39,0.89,0.61,0.23
M,136,0.3,0.47,0.27,0.18
M,124,0.39,0.65,0.87,0.43
H,177,0.43,0.88,0.63,0.42
L,172,0.3,0.81,0.83,0.435
G,127,0.34,0.72,0.31,0.32
M,131,0.45,0.6,0.19,0.275
H,129,0.28,0.45,0.49,0.315
N,144,0.46,0.74,0.48,0.255
J,133,0.4,0.68,0.65,0.28
M,192,0.34,0.52,0.87,0.3
M,119,0.4,0.66,0.62,0.305
N,148,0.36,0.53,0.92,0.17
F,111,0.41,0.89,0.45,0.405
F,182,0.47,0.76,0.1,0.21
F,169,0.45,0.87,0.09,0.355
G,126,0.31,0.69,0.9,0.275
O,146,0.5,0.48,0.54,0.235
P,120,0.26,0.54,0.61,0.36
O,189,0.38,0.73,0.05,0.22
I,161,0.37,0.96,0.76,0.25
O,116,0.35,0.57,0.92,0.295
L,185,0.37,0.95,0.6,0.35
L,143,0.25,0.93,0.53,0.19
I,148,0.43,0.98,0.3,0.435
O,139,0.37,0.99,0.64,0.175
O,168,0.4,0.82,0.44,0.175
P,103,0.45,0.58,0.3,0.25
K,181,0.42,0.46,0.93,0.365
N,150,0.5,0.88,0.8,0.265
P,194,0.32,0.91,0.33,0.36
O,182,0.35,0.5,0.2,0.44
H,191,0.48,0.75,0.45,0.41
O,144,0.49,0.96,0.92,0.305
J,157,0.49,0.76,0.44,0.22
F,177,0.28,0.62,0.69,0.33
O,164,0.33,0.55,0.6,0.19
L,109,0.44,0.57,0.3,0.35
F,122,0.35,0.99,0.36,0.405
G,196,0.31,0.72,0.58,0.305
F,147,0.27,0.56,0.51,0.265
H,143,0.44,0.6,0.56,0.36
J,157,0.34,0.67,0.9,0.435
L,157,0.47,0.97,0.26,0.2
L,135,0.32,0.82,0.14,0.18
K,188,0.3,0.61,0.41,0.175
L,154,0.46,0.76,0.6,0.275
K,143,0.34,0.6,0.8,0.345
I,100,0.3,0.86,0.82,0.39
K,174,0.38,0.49,0.41,0.365
G,129,0.37,0.7,0.41,0.165
K,133,0.48,0.79,0.87,0.435
P,107,0.28,0.95,0.12,0.305
H,135,0.35,0.72,0.22,0.295
G,192,0.28,0.91,0.09,0.39
P,146,0.36,0.55,0.2,0.19
O,111,0.47,0.59,0.87,0.36
J,118,0.47,0.96,0.24,0.37
I,111,0.42,0.6,0.7,0.39
I,126,0.47,0.55,0.21,0.395
L,112,0.33,0.87,0.41,0.375
P,196,0.25,0.66,0.31,0.38
G,169,0.33,0.53,0.57,0.225
G,164,0.29,0.78,0.21,0.35
J,180,0.45,0.45,0.13,0.36
K,187,0.48,0.58,0.13,0.425
O,193,0.29,0.72,0.53,0.235
L,183,0.31,0.69,0.28,0.375
M,191,0.46,0.85,0.23,0.2
N,131,0.37,0.69,0.74,0.3
M,140,0.3,0.67,0.36,0.18
K,188,0.31,0.64,0.71,0.18
F,120,0.46,0.63,0.73,0.25
P,133,0.45,0.72,0.86,0.285
L,179,0.46,0.58,0.76,0.305
O,148,0.3,0.64,0.65,0.3
M,134,0.42,0.48,0.21,0.39
O,126,0.48,0.57,0.58,0.26
F,153,0.41,0.66,0.5,0.32
H,168,0.45,0.45,0.85,0.44
P,129,0.37,0.59,0.81,0.22
P,123,0.37,0.71,0.88,0.41
G,181,0.29,0.75,0.64,0.18
O,187,0.45,0.93,0.22,0.29
H,161,0.43,0.64,0.65,0.275
H,171,0.41,0.66,0.37,0.34
G,170,0.29,0.6,0.12,0.32
K,164,0.36,0.74,0.47,0.395
O,148,0.47,0.83,0.92,0.335
I,113,0.25,0.93,0.3,0.34
P,199,0.4,0.79,0.76,0.36
F,197,0.37,0.54,0.86,0.17
F,134,0.43,0.95,0.85,0.27
I,115,0.31,0.76,0.21,0.42
K,119,0.26,0.83,0.83,0.35
F,139,0.38,0.99,0.79,0.395
O,172,0.31,0.92,0.91,0.25
I,197,0.31,0.93,0.55,0.185
G,107,0.25,0.97,0.65,0.315
M,167,0.31,0.49,0.53,0.355
H,129,0.43,0.57,0.81,0.325
I,175,0.38,0.51,0.15,0.185
K,191,0.5,0.57,0.12,0.37
O,131,0.49,0.93,0.91,0.41
G,130,0.39,0.83,0.71,0.31
O,123,0.4,0.68,0.38,0.18
F,141,0.35,0.71,0.44,0.24
H,199,0.25,0.94,0.5,0.21
G,115,0.43,0.65,0.62,0.245
L,128,0.41,0.5,0.63,0.165
O,148,0.5,0.76,0.48,0.215
K,191,0.42,0.95,0.47,0.25
K,149,0.43,0.83,0.57,0.345
N,131,0.27,0.49,0.23,0.22
H,175,0.3,0.6,0.66,0.305
H,190,0.32,0.75,0.37,0.22
P,115,0.25,0.69,0.59,0.415
K,102,0.39,0.9,0.09,0.41
G,144,0.41,0.6,0.77,0.21
G,143,0.49,0.73,0.1,0.245
J,126,0.3,0.55,0.26,0.365
F,176,0.36,0.75,0.83,0.225
L,108,0.38,0.85,0.8,0.225
I,141,0.4,0.52,0.7,0.265
F,145,0.49,0.61,0.66,0.395
L,137,0.4,0.58,0.19,0.18
N,184,0.48,0.79,0.88,0.44
P,152,0.29,0.69,0.95,0.22
L,172,0.37,0.87,0.48,0.22
J,103,0.41,0.76,0.84,0.275
I,101,0.41,0.75,0.33,0.35
L,125,0.33,0.48,0.75,0.34
P,104,0.34,0.9,0.29,0.255
P,127,0.43,0.72,0.68,0.25
M,180,0.28,0.52,0.16,0.19
H,193,0.25,0.58,0.16,0.305
O,148,0.44,0.7,0.62,0.305
O,199,0.3,0.65,0.3,0.185
P,151,0.34,0.67,0.06,0.195
I,166,0.37,0.5,0.7,0.345
O,148,0.25,0.75,0.5,0.235
